{
    "item": {
        "spawn_egg": "Spawn Egg (Generic)"
    },
    "entity_slot": {
        "slot.weapon.mainhand": "Mainhand",
        "slot.weapon.offhand": "Offhand",
        "slot.armor.head": "Helmet Slot",
        "slot.armor.chest": "Chestplate Slot",
        "slot.armor.legs": "Leggings Slot",
        "slot.armor.feet": "Boots Slot",
        "slot.enderchest": "Player's Enderchest",
        "slot.hotbar": "Player's Hotbar",
        "slot.inventory": "Inventory",
        "slot.saddle": "Saddle Slot",
        "slot.armor": "Horse Armor Slot",
        "slot.chest": "Donkey & Mule's Chest",
        "slot.equippable": "Saddle, Carpet, etc. (hasitem only)"
    },
    "block_slot": {
        "slot.container": "Block Storage"
    },
    "effect": {
        "speed": "Speed",
        "slowness": "Slowness",
        "haste": "Haste",
        "mining_fatigue": "Mining Fatigue",
        "strength": "Strength",
        "instant_health": "Instant Health",
        "instant_damage": "Instant Damage",
        "jump_boost": "Jump Boost",
        "nausea": "Nausea",
        "regeneration": "Generation",
        "resistance": "Resistance",
        "fire_resistance": "Fire Resistance",
        "water_breathing": "Water Breathing",
        "invisibility": "Invisibility",
        "blindness": "Blindness",
        "night_vision": "Night Vision",
        "hunger": "Hunger",
        "weakness": "Weakness",
        "poison": "Poison",
        "wither": "Wither",
        "health_boost": "Health Boost",
        "absorption": "Absorption",
        "saturation": "Saturation",
        "levitation": "Levitation",
        "fatal_poison": "Fatal Poison",
        "slow_falling": "Slow Falling",
        "conduit_power": "Conduit Power",
        "bad_omen": "Bad Omen",
        "village_hero": "Hero of the Village",
        "darkness": "Darkness"
    },
    "damage": {
        "all": "Unknown",
        "anvil": "Falling Anvil",
        "block_explosion": "Block Explosion",
        "charging": "Fireball",
        "contact": "Stinging Block (e.g. Cactus)",
        "drowning": "Drowning",
        "entity_attack": "Attack",
        "entity_explosion": "Entity Explosion",
        "fall": "Fall",
        "falling_block": "Falling Block",
        "fire": "Contacting Fire & Campfire",
        "fire_tick": "Burning",
        "fireworks": "Fireworks",
        "fly_into_wall": "Elytra Crash",
        "freezing": "Freezing",
        "lava": "Contacting Lava",
        "lightning": "Lightning",
        "magic": "Magic (e.g. Potion)",
        "magma": "Magma Block",
        "none": "Unknown",
        "override": "Unknown",
        "piston": "Piston",
        "projectile": "Projectile",
        "ram_attack": "Goat Collision",
        "stalactite": "Falling Dripstone",
        "stalagmite": "Standing on Dripstone",
        "starve": "Starvation",
        "suffocation": "Suffocation",
        "suicide": "/kill Command",
        "temperature": "Snowgolem Melting",
        "thorns": "Thorns Enchantment",
        "void": "Void",
        "wither": "Wither Effect"
    },
    "enchantment": {
        "aqua_affinity": "Aqua Affinity (8)",
        "bane_of_arthropods": "Bane of Arthropods (11)",
        "blast_protection": "Blast Protection (3)",
        "channeling": "Channeling (32)",
        "binding": "Binding Curse (27)",
        "vanishing": "Vanishing Curse (28)",
        "depth_strider": "Depth Strider (7)",
        "efficiency": "Efficiency (15)",
        "feather_falling": "Feather Falling (2)",
        "fire_aspect": "Fire Aspect (13)",
        "fire_protection": "Fire Protection (1)",
        "flame": "Flame (21)",
        "fortune": "Fortune (18)",
        "frost_walker": "Frost Walker (25)",
        "impaling": "Impaling (29)",
        "infinity": "Infinity (21)",
        "knockback": "Knockback (12)",
        "looting": "Looting (14)",
        "loyalty": "Loyalty (31)",
        "luck_of_the_sea": "Luck of the Sea (23)",
        "lure": "Lure (24)",
        "mending": "Mending (26)",
        "multishot": "Multishot (33)",
        "piercing": "Piercing (34)",
        "power": "Power (19)",
        "projectile_protection": "Projectile Protection (4)",
        "protection": "Protection (0)",
        "punch": "Punch (20)",
        "quick_charge": "Quick Charge (35)",
        "respiration": "Respiration (6)",
        "riptide": "Riptide (30)",
        "sharpness": "Sharpness (9)",
        "silk_touch": "Silk Touch (16)",
        "smite": "Smite (10)",
        "soul_speed": "Soul Speed (36)",
        "swift_sneak": "Swift Sneak (37)",
        "thorns": "Thorns (5)",
        "unbreaking": "Unbreaking (17)"
    },
    "permission": {
        "camera": "Allow player turning",
        "movement": "Allow player move"
    },
    "mob_event": {
        "minecraft:ender_dragon_event": "Spawn an Ender Dragon on first entry of the End",
        "minecraft:pillager_patrols_event": "Spawn Patrols",
        "minecraft:wandering_trader_event": "Spawn Wandering Traders"
    },
    "camera_preset": {
        "minecraft:first_person": "First Person",
        "minecraft:third_person": "Third Person Back",
        "minecraft:third_person_front": "Third Person Front",
        "minecraft:free": "Camera not bound to player"
    },
    "ability": {
        "mayfly": "Allow player to fly",
        "worldbuilder": "Give player Worldbuilder",
        "mute": "Mute the player"
    },
    "structure": {
        "ancient_city": "Ancient City",
        "bastion_remnant": "Bastion Remnant",
        "buried_treasure": "Buried Treasure",
        "end_city": "End City",
        "fortress": "Fortress",
        "mansion": "Woodland Mansion",
        "mineshaft": "Mineshaft",
        "monument": "Ocean Monument",
        "ruins": "Ocean Ruins",
        "pillager_outpost": "Pillager Outpost",
        "ruined_portal": "Ruined Portal",
        "shipwreck": "Shipwreck",
        "stronghold": "Stronghold",
        "temple": "Desert Pyramid / Igloo / Jungle Pyramid / Swamp Hut",
        "village": "Village"
    },
    "game_rule": {
        "commandBlocksEnabled": "[B] Command Blocks enabled",
        "commandBlockOutput": "[B] Notify admins when any command is run",
        "doDaylightCycle": "[B] Daylight cycle and moon phrase enabled",
        "doEntityDrops": "[B] Non-mob entities loot enabled",
        "doFireTick": "[B] Natural fire spread and extinguish enabled",
        "doInsomnia": "[B] Phantom natural spawn enabled",
        "doImmediateRespawn": "[B] Respawn players at once when they dies",
        "doMobLoot": "[B] Mob loot enabled",
        "doMobSpawning": "[B] Mob natural spawn enabled",
        "doTileDrops": "[B] Drop item when blocks are destroyed",
        "doWeatherCycle": "[B] Change weather naturally",
        "drowningDamage": "[B] Drowning damage enabled",
        "fallDamage": "[B] Fall damage enabled",
        "fireDamage": "[B] Fire damage enabled",
        "freezeDamage": "[B] Freeze damage caused by Powder Snow enabled",
        "functionCommandLimit": "[I] Max number of commands that can be ran by a function",
        "keepInventory": "[B] Keep players' inventory & experience when they dies",
        "maxCommandChainLength": "[I] Max number of command that can be ran in 1 tick",
        "mobGriefing": "[B] Enable mobs to modify blocks in the world (place / destroy)",
        "naturalRegeneration": "[B] Heal players when their hunger bar is full enough",
        "pvp": "[B] Enable players to fight with each other",
        "randomTickSpeed": "[I] Random tick speed (affects crops growing speed, etc.)",
        "respawnBlocksExplode": "[B] Beds and Respawn Anchors can explode when used in wrong dimension",
        "sendCommandFeedback": "[B] Players affected by commands get notifications",
        "showBorderEffect": "[B] Show Border Block particle effect",
        "showCoordinates": "[B] Show players' position on screen",
        "showDeathMessages": "[B] Send messages when players or pets die",
        "showTags": "[B] Show item components of items",
        "spawnRadius": "[I] Spawn radius of world spawn point",
        "tntExplodes": "[B] TNT explodes enabled",
        "playersSleepingPercentage": "[I] What percentage of players in Overworld must sleep to skip night"
    }
}
