{
    "name": "\u5b98\u65b9\u5b66\u4e60\u6a21\u677f",
    "template_command": "say $temp1\ntestfor @e[scores={abc=$temp2}]\nexecute $temp3 run say aa\n",
    "generate_times": "10",
    "Template": [
        {
            "temp_name": "$temp1",
            "temp_type": 3,
            "temp_detial": "floor(sin(var1)*100)"
        },
        {
            "temp_name": "$temp2",
            "temp_type": 2,
            "temp_detial": "1\n2\n3\n4"
        },
        {
            "temp_name": "$temp3",
            "temp_type": 4,
            "temp_detial": "2\nif score @s board1 matches %s\nvar2 * 2 - 1"
        }
    ],
    "copy_mode_index": 0
}